cluster,T cells,B cells,NK cells,CD14 monocytes,FCGR3A monocytes,Dendritic cells,Platelets
0,0.12613460311300181,-0.40288151368136965,-0.457273853121653,-0.515394744215159,-0.5187426761373573,-0.38890060084894756,-0.03396320076153515
1,0.27056091681683914,-0.4339979717472109,-0.513229078784869,-0.5551699976300928,-0.5884949692696871,-0.4497005139341792,-0.03865865891672909
2,-1.3522735609361765,1.8928458209941876,-0.5107557105039845,-0.5043099777268343,-0.5128509285284317,-0.3407327457315887,-0.03462071789849228
3,-1.6038054793660381,-0.34403687207019273,-0.6121558950123963,0.8163901112966491,1.6936698754396597,0.3998685457094771,0.0033200045440214226
4,-1.35514334134508,-0.4287449659257414,-0.5200014446426237,2.8696408553214736,0.5087168746172419,0.48415258711983955,-0.0022169410352673845
5,-0.9564348516484352,-0.4731605551514445,2.509946597648572,-0.6253240927714336,-0.09644270102869998,-0.4460255484944161,-0.05125501869377228
6,0.13940973313193736,-0.48044601601084497,0.7666269367527364,-0.5879336967818626,-0.4897018715892309,-0.44137864823188927,-0.023078399757829528
7,-1.5255450375152357,-0.5388561216990153,-0.6225023735412444,0.774659539641756,0.09743588145777585,1.6469515323372228,-0.03814622337967976
8,-0.777149670071072,-0.27854887310663856,-0.2878221813970142,0.311488844315211,-0.14430457334923796,0.20789565297314513,4.463896184959667
